Collection,Item Name,Price,Description,Style,Image URL,Show?
Anniversary,Ivory Romance Arch,320,"Full-size organic arch in ivory, cream and gold for celebrations.",Ivory Romance,,
Anniversary,Champagne Toast Bouquet,85,Entrance bouquet in champagne and gold tones for a toast-worthy night.,Golden Classic,,
Anniversary,Blush & Gold Celebration Set,240,"Pair of elegant clusters in blush, ivory and gold.",Blush Luxe,,
Anniversary,Golden Years Cluster,95,Hand-held cluster perfect for marking another year together.,Ivory Romance,,
Anniversary,Sweetheart Table Accent,70,"Low, elegant accent sized for an intimate anniversary dinner.",Blush Luxe,,
Anniversary,Grand Entrance Arch,380,Statement double-arch for venue entrances and anniversary parties.,Ivory Romance,,
Birthday,Golden Hour Bouquet,58,"Champagne, cream & gold latex bouquet with trailing ribbon.",Golden Classic,,
Birthday,Midnight Celebration,68,Charcoal and gold bouquet for an evening birthday affair.,Charcoal Noir,,
Birthday,Garden Party,64,"Sage, cream and blush balloons styled with dried florals.",Sage Whisper,,
Kids,Confetti Pop,62,Cream and gold balloons with a hand-scattered confetti accent.,Golden Classic,,
Kids,Little Luxe Number,75,Oversized number balloon framed by an organic cream cluster.,Golden Classic,,
Kids,Candyfloss Dream,58,Soft blush and cream balloons for a gentle celebration palette.,Blush Luxe,,
Other Occasions,Oh Baby Bouquet,60,Neutral sage and cream bouquet suited to any gender reveal.,Sage Whisper,,
Other Occasions,Gender Reveal Burst,90,Confetti-filled reveal balloon in a cream shell -- pink or blue inside.,Blush Luxe,,
Other Occasions,Little Cloud Set,58,Pastel blue and cream cluster with a soft cloud motif.,Ivory Romance,,
Other Occasions,Welcome Little One Arch,180,Petite arch for the welcome table or photo backdrop.,Sage Whisper,,
Other Occasions,Storybook Bouquet,64,"Sage, blush and cream styled with a storybook ribbon trail.",Sage Whisper,,
Other Occasions,Sprinkle Shower Set,70,Playful cluster sized for a sprinkle-style shower.,Golden Classic,,
Other Occasions,Brand Launch Backdrop,260,"Full organic backdrop, color-matched to your brand palette.",Charcoal Noir,,
Other Occasions,Grand Opening Arch,300,Statement arch for storefront or venue grand openings.,Golden Classic,,
Other Occasions,Executive Welcome Bouquet,75,Understated bouquet for reception desks and welcome tables.,Golden Classic,,
Other Occasions,Holiday Soiree Set,120,Seasonal palette cluster for year-end and holiday events.,Charcoal Noir,,
Other Occasions,Gala Centerpiece Trio,95,Set of three low centerpieces for gala tables.,Golden Classic,,
Other Occasions,Conference Welcome Columns,210,Pair of standing columns to frame a conference entrance.,Golden Classic,,
